id,title,creator,artist,fav_count,play_count,bpm,status,tags,beatmapset
1761637,"""Seishin no Kairi no","""Esutarosa""","""Imperial Circus Dead Decadence""",77,19,220,"""ranked""","['fushoku', 'ressentiment', 'fushi', 'yoku', 'no', 'sarugakuza.', 'icdd', 'val', 'kuon-', 'xahlt', 'gweon', 'sua', '-kemsyt', 'stripedgoose', 'sh4rq_', 'blood9', 'turtatical', 'symphonic', 'melodic', 'death', 'metal', 'japanese', '\\\\u8150\\\\u8755\\\\u30eb\\\\u30b5\\\\u30f3\\\\u30c1\\\\u30de\\\\u30f3\\\\u3001\\\\u4e0d\\\\u6b7b\\\\u6b32\\\\u306e\\\\u733f\\\\u697d\\\\u5ea7\\\\u3002', 'featured', 'artist', 'fa', ""mappers\\'"", 'guild', 'mpg', 'l.g.c.', 'last', 'governed', 'connector', 'sh3rg_']","[{'difficulty_rating': '8.12', 'id': '3605633', 'map_len': '258', 'accuracy': '9.6', 'approach_rate': '9.8', 'beatmap_bpm': '220', 'passcount': '0', 'playcount': '3', 'max_combo': '2161'}, {'difficulty_rating': '6.32', 'id': '3606973', 'map_len': '258', 'accuracy': '9', 'approach_rate': '9.3', 'beatmap_bpm': '220', 'passcount': '0', 'playcount': '0', 'max_combo': '1988'}, {'difficulty_rating': '5.88', 'id': '3613686', 'map_len': '258', 'accuracy': '8.5', 'approach_rate': '9.2', 'beatmap_bpm': '220', 'passcount': '0', 'playcount': '3', 'max_combo': '2106'}, {'difficulty_rating': '7.63', 'id': '3660409', 'map_len': '258', 'accuracy': '9.6', 'approach_rate': '9.8', 'beatmap_bpm': '220', 'passcount': '0', 'playcount': '0', 'max_combo': '2101'}, {'difficulty_rating': '3.92', 'id': '3660410', 'map_len': '258', 'accuracy': '6', 'approach_rate': '8', 'beatmap_bpm': '220', 'passcount': '0', 'playcount': '2', 'max_combo': '1174'}, {'difficulty_rating': '2.42', 'id': '3719159', 'map_len': '258', 'accuracy': '4', 'approach_rate': '5.5', 'beatmap_bpm': '220', 'passcount': '0', 'playcount': '8', 'max_combo': '757'}, {'difficulty_rating': '5.07', 'id': '3793175', 'map_len': '258', 'accuracy': '8.6', 'approach_rate': '9.3', 'beatmap_bpm': '220', 'passcount': '1', 'playcount': '3', 'max_combo': '1577'}]"
1900478,"""of Ambrosia""","""-mint-""","""Frums""",37,5,226,"""ranked""","['catch', 'the', 'beat', 'ctb', 'cwc', 'grand', 'finals', 'gf', 'tiebreaker', 'tb', 'fa', 'featured', 'artist', 'qqqant', 'blocko', 'ambient', 'breakcore', 'jazz', 'electronic', 'instrumental']","[{'difficulty_rating': '7.17', 'id': '3917445', 'map_len': '364', 'accuracy': '7.5', 'approach_rate': '9.9', 'beatmap_bpm': '226', 'passcount': '0', 'playcount': '3', 'max_combo': '7078'}, {'difficulty_rating': '9.72', 'id': '3940625', 'map_len': '364', 'accuracy': '7.2', 'approach_rate': '10', 'beatmap_bpm': '226', 'passcount': '1', 'playcount': '2', 'max_combo': '11948'}]"
1848184,"""Ruination""","""Shii""","""FRASER EDWARDS""",8,556,150,"""ranked""","['english', 'rock', 'power', 'metal', 'the', 'architect', 'mindmaster107']","[{'difficulty_rating': '1.71', 'id': '3796544', 'map_len': '150', 'accuracy': '2', 'approach_rate': '3', 'beatmap_bpm': '150', 'passcount': '50', 'playcount': '179', 'max_combo': '372'}, {'difficulty_rating': '5.74', 'id': '3796545', 'map_len': '150', 'accuracy': '9', 'approach_rate': '9.5', 'beatmap_bpm': '150', 'passcount': '20', 'playcount': '87', 'max_combo': '986'}, {'difficulty_rating': '2.44', 'id': '3800953', 'map_len': '150', 'accuracy': '4', 'approach_rate': '5', 'beatmap_bpm': '150', 'passcount': '19', 'playcount': '78', 'max_combo': '495'}, {'difficulty_rating': '3.34', 'id': '3801698', 'map_len': '150', 'accuracy': '6', 'approach_rate': '7', 'beatmap_bpm': '150', 'passcount': '19', 'playcount': '104', 'max_combo': '847'}, {'difficulty_rating': '4.91', 'id': '3899687', 'map_len': '150', 'accuracy': '8', 'approach_rate': '9', 'beatmap_bpm': '150', 'passcount': '13', 'playcount': '108', 'max_combo': '916'}]"
1381489,"""Tribal""","""Guilhermeziat""","""Laszlo""",7,56,130,"""ranked""","['tech', 'soft5', 'springtime', 'ffa', 'tournament', 'v', 'qualfier', 'stage', '1', 'abramus', 'digital', 'kobalt', 'publishing', 'latinautorperf', 'ascap', 'socan', 'rr', 'latinautor', 'concord', 'uniao', 'brasileira', 'de', 'editoras', 'de', 'musica', 'ubem', '3', 'music', 'rights', 'societies', 'uncaged', 'monstercat', '5', 'year', 'anniversary', 'electronic', 'instrumental']","[{'difficulty_rating': '3.5', 'id': '2854334', 'map_len': '216', 'accuracy': '9', 'approach_rate': '5', 'beatmap_bpm': '130', 'passcount': '16', 'playcount': '56', 'max_combo': '2010'}]"
1909738,"""Thank you ppv2 (extend?)""","""hehe""","""Gomitaro""",73,689,230,"""ranked""","['taiko', 'osu!taiko', 'funny', 'enchiladas', 'kawaiibass', 'gomitarou', 'gomi', 'taro', 'claris', 'colorful', 'tamame', 'apostate', 'remix', 'expander', 'move', 'that', 'body', 'mitsunori', 'ikeda', 'feat', 'aimee', 'fallen', 'angel', 'el', 'poco', 'maro', 'chino', 'minase', 'inori', 'mahou', 'shoujo', 'nenpulse', 'bootleg', 'zytokine', 'dancing', 'dollz', 'cold', 'kiss', 'redalice', 'kasai', 'harcores', 'trinity', 'homerun', 'cycle', 'hit', 'freezer', 'kiichigo', 'berry', 'go', 'riot', 'overkill', 'our', 'stolen', 'theory', 'united', 'laos', 'l.a.o.s', 'nog', 'aether', 'ritual', 'nanahira', 'monosugoi', 'space', 'shuttle', 'de', 'koishi', 'ga', 'uta', 'fripside', 'last', 'fortune', 'pocotan', 'egoist', 'the', 'everlasting', 'guilty', 'crown', 'etia', 'hardcore', 'dj', 'sharpnel', 'fake', 'promise', 'aqours', 'thank', 'you', 'friends', 'ginka*ex', 'farewell', 'remix', 'kaneko', 'chiharu', 'whiteout', 'feryquitous', 'sennzai', 'koe', 'orangentle', 'yu_asahina', 'haelequin', 'extended', 'sampling', 'masters', 'mega', 'tatsh', 'weave', 'detonator', 's3rl', 't-t-techno', 'jesskah', 'sawano', 'hiroyuki', 'gemie', 'x.u.', 'camellia', 'light', 'it', 'up', 'exit', 'this', ""earth\\'s"", 'atomosphere', 'planetary', '200step', 'we', 'luv', 'lama', 'electronic', 'instrumental', '\\\\u30ab\\\\u30e9\\\\u30d5\\\\u30eb', '\\\\u9b54\\\\u6cd5\\\\u5c11\\\\u5973\\\\u30c1\\\\u30ce', '\\\\u7269\\\\u51c4\\\\u3044\\\\u30b9\\\\u30da\\\\u30fc\\\\u30b9\\\\u30b7\\\\u30e3\\\\u30c8\\\\u30eb\\\\u3067\\\\u3053\\\\u3044\\\\u3057\\\\u304c\\\\u7269\\\\u51c4\\\\u3044\\\\u3046\\\\u305f', '\\\\u58f0']","[{'difficulty_rating': '8.03', 'id': '3938939', 'map_len': '412', 'accuracy': '9', 'approach_rate': '9.7', 'beatmap_bpm': '230', 'passcount': '55', 'playcount': '689', 'max_combo': '4245'}]"
1852871,"""Ashita Chiru Sadame nara""","""Patchouli-R""","""Yuuhei Satellite feat. Marcia""",29,2111,145,"""ranked""","['iceon', '\\\\u7d05\\\\u8449\\\\u516b\\\\u6714', '\\\\u4eac\\\\u7530\\\\u30b9\\\\u30ba\\\\u30ab', '\\\\u304b\\\\u308f', '\\\\u5e7b\\\\u60f3\\\\u4e07\\\\u83ef\\\\u93e1', '\\\\u5384\\\\u795e\\\\u69d8\\\\u306e\\\\u901a\\\\u308a\\\\u9053\\\\u3000\\\\uff5e', 'dark', 'road', 'zun', 'yf_bmp', '\\\\u6771\\\\u65b9project', 'touhou', 'fuujinroku', 'kagiyama', 'hina', '\\\\u9375\\\\u5c71\\\\u96db', 'kurukuru', '18th', '\\\\u535a\\\\u9e97\\\\u795e\\\\u793e\\\\u4f8b\\\\u5927\\\\u796d', 'japanese', 'j-pop', 'jpop', 'pop', 'video', 'game', 'mof', 'th10', 'wind', 'god', 'chronicles', 'team', 'shanghai', 'alice', 'yakujinsama', 'no', 'toorimichi', 'road', 'of', 'the', 'misfortune', 'god', 'fantasy', 'kaleidoscope', 'gensou', 'mangekyou', 'memories', 'of', 'phantasm', '\\\\u5e7b\\\\u60f3\\\\u4e07\\\\u83ef\\\\u93e1']","[{'difficulty_rating': '3.39', 'id': '3807184', 'map_len': '204', 'accuracy': '6.6', 'approach_rate': '7.7', 'beatmap_bpm': '145', 'passcount': '138', 'playcount': '660', 'max_combo': '907'}, {'difficulty_rating': '4.38', 'id': '3807186', 'map_len': '204', 'accuracy': '7.3', 'approach_rate': '8.3', 'beatmap_bpm': '145', 'passcount': '121', 'playcount': '977', 'max_combo': '969'}, {'difficulty_rating': '1.96', 'id': '3812483', 'map_len': '204', 'accuracy': '4', 'approach_rate': '5', 'beatmap_bpm': '145', 'passcount': '156', 'playcount': '474', 'max_combo': '588'}]"
1664347,"""Eien no Shunmu""","""Shurelia""","""komso""",21,3239,156,"""ranked""","['zun', 'touhou', 'doremy', 'sweet', '\\\\u30c9\\\\u30ec\\\\u30df\\\\u30fc\\\\u30fb\\\\u30b9\\\\u30a4\\\\u30fc\\\\u30c8', 'th15.5', '\\\\u5922\\\\u3092\\\\u898b\\\\u305b\\\\u308b\\\\u5996\\\\u602a', 'dream-bestowing', 'youkai', 'eternal', 'spring', 'dream', 'video', 'game', 'instrumental', 'midorijeon', 'advent', 'yf_bmp', 'kowari', 'supav', 'pigeons', 'arsalan']","[{'difficulty_rating': '7.31', 'id': '3397669', 'map_len': '157', 'accuracy': '9.2', 'approach_rate': '8.5', 'beatmap_bpm': '156', 'passcount': '38', 'playcount': '468', 'max_combo': '1294'}, {'difficulty_rating': '5.82', 'id': '3849200', 'map_len': '157', 'accuracy': '9', 'approach_rate': '9', 'beatmap_bpm': '156', 'passcount': '54', 'playcount': '753', 'max_combo': '1286'}, {'difficulty_rating': '7.07', 'id': '3948056', 'map_len': '156', 'accuracy': '7', 'approach_rate': '9', 'beatmap_bpm': '156', 'passcount': '33', 'playcount': '445', 'max_combo': '1194'}, {'difficulty_rating': '4.91', 'id': '3951573', 'map_len': '157', 'accuracy': '8', 'approach_rate': '8', 'beatmap_bpm': '156', 'passcount': '84', 'playcount': '777', 'max_combo': '791'}, {'difficulty_rating': '3.74', 'id': '3952389', 'map_len': '157', 'accuracy': '6', 'approach_rate': '8', 'beatmap_bpm': '156', 'passcount': '174', 'playcount': '497', 'max_combo': '718'}, {'difficulty_rating': '2.28', 'id': '3958104', 'map_len': '156', 'accuracy': '4', 'approach_rate': '4.5', 'beatmap_bpm': '156', 'passcount': '101', 'playcount': '299', 'max_combo': '412'}]"
1907885,"""No.7""","""GN-""","""Jibaku Shounen Band""",36,598,190,"""ranked""","['anime', 'japanese', 'rock', 'jrock', 'j-rock', 'number', '7', 'no', 'seven', 'hanako', 'san', 'kun', 'toilet', 'bound', 'toilet-bound', 'hanako-kun', 'from', 'penguin', 'research', 'masayoshi', 'ooishi', 'anchor', 'zing', 'opening', 'op']","[{'difficulty_rating': '4.38', 'id': '3934306', 'map_len': '223', 'accuracy': '8', 'approach_rate': '5', 'beatmap_bpm': '190', 'passcount': '180', 'playcount': '598', 'max_combo': '3389'}]"
1920042,"""breath of stella""","""Matsuyuki Ame""","""Aimiya Zero""",28,4666,176,"""ranked""","['rk657', 'key', 'stella', 'of', 'the', 'end', 'visual', 'arts', 'japanese', 'rock', 'jrock', 'j-rock', 'tsui', 'no', 'stella', 'kinetic', 'novel', '\\\\u30ad\\\\u30cd\\\\u30c6\\\\u30a3\\\\u30c3\\\\u30af\\\\u30ce\\\\u30d9\\\\u30eb', 'harryp', '\\\\u91dd\\\\u539f\\\\u7ffc', 'harihara', 'tsubasa', 'pop', 'jpop', 'j-pop']","[{'difficulty_rating': '5.72', 'id': '3962688', 'map_len': '115', 'accuracy': '9', 'approach_rate': '9.4', 'beatmap_bpm': '176', 'passcount': '213', 'playcount': '1207', 'max_combo': '783'}, {'difficulty_rating': '4.71', 'id': '3962689', 'map_len': '115', 'accuracy': '8', 'approach_rate': '9', 'beatmap_bpm': '176', 'passcount': '270', 'playcount': '1171', 'max_combo': '669'}, {'difficulty_rating': '3.6', 'id': '3964127', 'map_len': '115', 'accuracy': '6.5', 'approach_rate': '8', 'beatmap_bpm': '176', 'passcount': '244', 'playcount': '731', 'max_combo': '553'}, {'difficulty_rating': '2.45', 'id': '3964294', 'map_len': '115', 'accuracy': '5', 'approach_rate': '6', 'beatmap_bpm': '176', 'passcount': '233', 'playcount': '845', 'max_combo': '415'}, {'difficulty_rating': '1.91', 'id': '3964329', 'map_len': '115', 'accuracy': '3', 'approach_rate': '3', 'beatmap_bpm': '176', 'passcount': '225', 'playcount': '712', 'max_combo': '266'}]"
1882782,"""Strict Secrecy Sweet Love""","""Alchyr""","""Kikuo feat. Shiraishi Nagomu""",24,137,140,"""ranked""","['pop', 'japanese', 'jpop', 'j-pop', '\\\\u304d\\\\u304f\\\\u304a\\\\u304c\\\\u30dc\\\\u30ab\\\\u30ed\\\\u3092\\\\u59cb\\\\u3081\\\\u308b\\\\u524d\\\\uff17\\\\u5e74\\\\u9593\\\\u306e\\\\u697d\\\\u66f2\\\\u3092\\\\u9650\\\\u754c\\\\u307e\\\\u3067\\\\u8a70\\\\u3081\\\\u8fbc\\\\u3093\\\\u3060\\\\u6570\\\\u91cf\\\\u9650\\\\u5b9a\\\\u306e\\\\u7279\\\\u5225\\\\u751f\\\\u7523cd', '\\\\u7565\\\\u3057\\\\u3066\\\\u304d\\\\u304f\\\\u304a\\\\u30df\\\\u30af\\\\uff10', 'packed', 'to', 'the', 'limit', 'with', 'songs', 'from', 'the', '7', 'years', 'before', 'kikuo', 'started', 'vocaloid', 'limited', 'number', 'special', 'production', 'cd', 'kikuo', 'miku', '0', 'for', 'short', 'featured', 'artist', 'fa', ""mappers\\'"", ""mapper\\'s"", 'guild', 'mg']","[{'difficulty_rating': '4.05', 'id': '3876391', 'map_len': '261', 'accuracy': '6', 'approach_rate': '10', 'beatmap_bpm': '140', 'passcount': '12', 'playcount': '68', 'max_combo': '1408'}, {'difficulty_rating': '3.27', 'id': '3883891', 'map_len': '261', 'accuracy': '5', 'approach_rate': '10', 'beatmap_bpm': '140', 'passcount': '14', 'playcount': '69', 'max_combo': '1009'}]"
1859696,"""China""","""Falcon""","""Kensuke Ushio""",15,1019,125,"""ranked""","['donotmess', 'jesuren', 'jesusmd24', '\\\\u3046\\\\u3057\\\\u304a\\\\u3051\\\\u3093\\\\u3059\\\\u3051', '\\\\u725b\\\\u5c3e', '\\\\u61b2\\\\u8f14', '\\\\u3046\\\\u3057\\\\u304a', '\\\\u3051\\\\u3093\\\\u3059\\\\u3051', 'agraph', '\\\\u30a2\\\\u30b0\\\\u30e9\\\\u30d5', 'pin', 'pon', 'ping', 'pong', 'ppta', 'anime', 'electronic', 'instrumental', 'wenge', 'kong', '\\\\u5b54\\\\u6587\\\\u9769', 'rice', 'longjack', 'longjacks', 'chordjack', 'chord', 'jack', 'chordjacks', 'jacks', 'cj', 'technical', 'tech']","[{'difficulty_rating': '4.29', 'id': '3822819', 'map_len': '125', 'accuracy': '10', 'approach_rate': '5', 'beatmap_bpm': '125', 'passcount': '59', 'playcount': '372', 'max_combo': '1708'}, {'difficulty_rating': '2.13', 'id': '3876085', 'map_len': '125', 'accuracy': '7.5', 'approach_rate': '5', 'beatmap_bpm': '125', 'passcount': '90', 'playcount': '286', 'max_combo': '896'}, {'difficulty_rating': '2.95', 'id': '3878522', 'map_len': '125', 'accuracy': '8', 'approach_rate': '5', 'beatmap_bpm': '125', 'passcount': '58', 'playcount': '192', 'max_combo': '1242'}, {'difficulty_rating': '3.63', 'id': '3884843', 'map_len': '125', 'accuracy': '9', 'approach_rate': '5', 'beatmap_bpm': '125', 'passcount': '35', 'playcount': '169', 'max_combo': '1312'}]"
1903334,"""Boatman""","""Kine""","""hitorie""",36,2960,125,"""ranked""","['jrock', 'japanese', 'j-rock', 'wowaka', 'boatman', 'rock', 'wonder', 'and', 'wonder']","[{'difficulty_rating': '6.05', 'id': '3924244', 'map_len': '252', 'accuracy': '9', 'approach_rate': '9.3', 'beatmap_bpm': '125', 'passcount': '100', 'playcount': '843', 'max_combo': '1634'}, {'difficulty_rating': '4.51', 'id': '3943194', 'map_len': '252', 'accuracy': '8', 'approach_rate': '9', 'beatmap_bpm': '125', 'passcount': '213', 'playcount': '1045', 'max_combo': '1269'}, {'difficulty_rating': '3.31', 'id': '3946445', 'map_len': '252', 'accuracy': '6', 'approach_rate': '8', 'beatmap_bpm': '125', 'passcount': '288', 'playcount': '1072', 'max_combo': '1125'}]"
1436243,"""Monochrome Anomaly""","""captin1""","""Feryquitous Vo. F9""",27,1536,155,"""ranked""","['diverse', 'system', 'ad', 'piano', 'iv', 'kiyono', 'nik', 'nikolomara', 'english', 'electronic']","[{'difficulty_rating': '4.96', 'id': '2955143', 'map_len': '222', 'accuracy': '8', 'approach_rate': '8', 'beatmap_bpm': '155', 'passcount': '103', 'playcount': '974', 'max_combo': '1435'}, {'difficulty_rating': '3.74', 'id': '3716587', 'map_len': '222', 'accuracy': '6.5', 'approach_rate': '7.5', 'beatmap_bpm': '155', 'passcount': '135', 'playcount': '562', 'max_combo': '875'}]"
1732773,"""I Hate You I Love You""","""SWAKE""","""DVRST""",48,1250,174,"""ranked""","['dnb', 'drum', 'and', '&', ""\\'n\\'"", 'bass', 'phonk', 'instrumental', 'electronic', 'tachibana_', 'ryxliee', 'english']","[{'difficulty_rating': '5', 'id': '3541769', 'map_len': '132', 'accuracy': '6', 'approach_rate': '5', 'beatmap_bpm': '174', 'passcount': '63', 'playcount': '321', 'max_combo': '849'}, {'difficulty_rating': '2.57', 'id': '3541772', 'map_len': '132', 'accuracy': '4', 'approach_rate': '9', 'beatmap_bpm': '174', 'passcount': '49', 'playcount': '201', 'max_combo': '407'}, {'difficulty_rating': '1.58', 'id': '3544714', 'map_len': '132', 'accuracy': '3', 'approach_rate': '5', 'beatmap_bpm': '174', 'passcount': '127', 'playcount': '403', 'max_combo': '218'}, {'difficulty_rating': '3.86', 'id': '3563148', 'map_len': '132', 'accuracy': '5.5', 'approach_rate': '9', 'beatmap_bpm': '174', 'passcount': '33', 'playcount': '103', 'max_combo': '715'}, {'difficulty_rating': '3.54', 'id': '3830248', 'map_len': '132', 'accuracy': '5', 'approach_rate': '5', 'beatmap_bpm': '174', 'passcount': '34', 'playcount': '222', 'max_combo': '597'}]"
1910670,"""Colorful""","""- Ex -""","""Mili""",72,5683,192,"""ranked""","['miracle', 'milk', 'saihate', 'records', 'hag', 'momocashew', 'cassie', 'wei', 'projectmili', 'yamato', 'kasai', 'hamo', 'project', 'pop', 'h\\\\u25b3g', 'hag', 'cover', 'colourful', 'english', 'classical', 'female', 'vocal', 'vocalist', 'featured', 'artist', 'fa', ""mappers\\'"", 'guild', 'mg', 'mpg', '-_ex_-', 'shizuku-', 'kazato', 'asa', 'shikibe', 'mayu', 'ayesha', 'altugle', 'l1ght_u', 'light_u', '-hitomi']","[{'difficulty_rating': '5.39', 'id': '3941105', 'map_len': '236', 'accuracy': '8.5', 'approach_rate': '9.2', 'beatmap_bpm': '192', 'passcount': '398', 'playcount': '2080', 'max_combo': '1269'}, {'difficulty_rating': '3.69', 'id': '3943002', 'map_len': '236', 'accuracy': '6', 'approach_rate': '8', 'beatmap_bpm': '192', 'passcount': '195', 'playcount': '1126', 'max_combo': '1227'}, {'difficulty_rating': '2.57', 'id': '3944062', 'map_len': '236', 'accuracy': '4', 'approach_rate': '6', 'beatmap_bpm': '192', 'passcount': '212', 'playcount': '1009', 'max_combo': '942'}, {'difficulty_rating': '4.63', 'id': '3951806', 'map_len': '236', 'accuracy': '8', 'approach_rate': '9', 'beatmap_bpm': '192', 'passcount': '360', 'playcount': '1468', 'max_combo': '1205'}]"
1893790,"""Sing Alive""","""HeTo""","""Roselia""",27,3358,195,"""ranked""","['\\\\u30d0\\\\u30f3\\\\u30c9\\\\u30ea\\\\uff01', '\\\\u30ac\\\\u30fc\\\\u30eb\\\\u30ba\\\\u30d0\\\\u30f3\\\\u30c9\\\\u30d1\\\\u30fc\\\\u30c6\\\\u30a3\\\\uff01', 'bang', 'dream!', 'girls', 'band', 'party', 'bandori', 'japanese', 'rock', 'j-rock', 'jrock', 'video', 'game', 'anime', 'garupa', '\\\\u30ac\\\\u30eb\\\\u30d1', '\\\\u30ed\\\\u30bc\\\\u30ea\\\\u30a2', 'film', 'movie', 'iamwayneking', '[arcadia]']","[{'difficulty_rating': '7.18', 'id': '3902542', 'map_len': '310', 'accuracy': '9.4', 'approach_rate': '9.5', 'beatmap_bpm': '195', 'passcount': '205', 'playcount': '3358', 'max_combo': '1931'}]"
1909936,"""Kanbu de Tomatte Sugu Tokeru ~ Kyouki no Udongein""","""shizehao""","""IOSYS""",26,2447,200,"""ranked""","['touhou', 'toho', '2hu', '\\\\u6771\\\\u65b9project', 'team', 'shanghai', 'alice', 'zun', 'overdrive', 'japanese', 'pop', 'electronic', 'video', 'game', 'touhou', 'in', 'eiyashou', '\\\\u9234\\\\u4ed9\\\\u30fb\\\\u512a\\\\u66c7\\\\u83ef\\\\u9662\\\\u30fb\\\\u30a4\\\\u30ca\\\\u30d0', 'reisen', 'udongein', 'inaba', 'rabbit', 'arm', 'hakase', 'with', '\\\\""mad\\\\""', 'youno', '\\\\u72c2\\\\u6c17\\\\u306e\\\\u77b3', 'invisible', 'full', 'moon', 'lunatic', 'red', 'eyes', '\\\\u6771\\\\u65b9\\\\u6708\\\\u71c8\\\\u7c60\\\\u30bb\\\\u30fc\\\\u30d5\\\\uff01', 'moon', 'lantern', 'safe', 'miko', 'quim', '\\\\u3057\\\\u3083\\\\u3061\\\\u3087\\\\u3046', 'shatyou', 'stops', 'at', 'the', 'affected', 'area', 'and', 'immediately', 'dissolves', 'grimoire', 'of', '\\\\u6771\\\\u65b9best', 'album', 'vol.1\\\\u306f\\\\u304b\\\\u305b', 'cai_ji_ccc', '[gb]luoxuan0327']","[{'difficulty_rating': '2.66', 'id': '3939474', 'map_len': '125', 'accuracy': '8', 'approach_rate': '5', 'beatmap_bpm': '200', 'passcount': '144', 'playcount': '480', 'max_combo': '1150'}, {'difficulty_rating': '1.16', 'id': '3940338', 'map_len': '125', 'accuracy': '7', 'approach_rate': '5', 'beatmap_bpm': '200', 'passcount': '100', 'playcount': '305', 'max_combo': '914'}, {'difficulty_rating': '4.08', 'id': '3940339', 'map_len': '125', 'accuracy': '8.7', 'approach_rate': '5', 'beatmap_bpm': '200', 'passcount': '266', 'playcount': '810', 'max_combo': '1745'}, {'difficulty_rating': '1.92', 'id': '3940341', 'map_len': '125', 'accuracy': '7.5', 'approach_rate': '5', 'beatmap_bpm': '200', 'passcount': '161', 'playcount': '327', 'max_combo': '913'}, {'difficulty_rating': '3.36', 'id': '3940514', 'map_len': '125', 'accuracy': '8.5', 'approach_rate': '5', 'beatmap_bpm': '200', 'passcount': '185', 'playcount': '525', 'max_combo': '1515'}]"
1654907,"""Kakero""","""Amiichii""","""Hoshimachi Suisei""",77,3008,176,"""ranked""","['vtuber', 'virtual', 'youtuber', 'hololive', '\\\\u30db\\\\u30ed\\\\u30e9\\\\u30a4\\\\u30d6', 'mikitop', '\\\\u307f\\\\u304d\\\\u3068p', 'japanese', 'pop', 'jpop', 'j-pop', 'still', 'stellar', 'suichan', 'hosimati', 'hoshimati', 'hosimachi', 'sui-chan', 'full', 'ver', 'takodachi', 'virtue-', 'famoss', 'syadow-', '_asha', 'chinoangel', 'run', 'shin', '\\\\u30b5\\\\u30a4\\\\u30c8\\\\u30a6\\\\u30e6\\\\u30a6\\\\u30de', 'saitou', 'yuuma', 'yuma', 'saito']","[{'difficulty_rating': '4.42', 'id': '3378048', 'map_len': '226', 'accuracy': '8', 'approach_rate': '9.2', 'beatmap_bpm': '176', 'passcount': '315', 'playcount': '791', 'max_combo': '3810'}, {'difficulty_rating': '2.94', 'id': '3382615', 'map_len': '226', 'accuracy': '7.5', 'approach_rate': '9.2', 'beatmap_bpm': '176', 'passcount': '178', 'playcount': '631', 'max_combo': '2612'}, {'difficulty_rating': '1.64', 'id': '3382616', 'map_len': '226', 'accuracy': '7', 'approach_rate': '9.2', 'beatmap_bpm': '176', 'passcount': '149', 'playcount': '528', 'max_combo': '1159'}, {'difficulty_rating': '3.8', 'id': '3925934', 'map_len': '226', 'accuracy': '8', 'approach_rate': '9.2', 'beatmap_bpm': '176', 'passcount': '124', 'playcount': '461', 'max_combo': '3244'}, {'difficulty_rating': '2.24', 'id': '3958256', 'map_len': '226', 'accuracy': '7.5', 'approach_rate': '9.2', 'beatmap_bpm': '176', 'passcount': '248', 'playcount': '597', 'max_combo': '1589'}]"
1873425,"""BEYOND""","""tyrcs""","""Lime""",48,2300,276,"""ranked""","['electronic', 'instrumental', 'fusion', 'pop', 'kankitsu', 'kanki2', 'bofxvi', 'video', 'game', 'vgm', 'piano', 'house', 'chordstream']","[{'difficulty_rating': '2.7', 'id': '3855002', 'map_len': '128', 'accuracy': '7.5', 'approach_rate': '5', 'beatmap_bpm': '276', 'passcount': '86', 'playcount': '258', 'max_combo': '1029'}, {'difficulty_rating': '5.39', 'id': '3855003', 'map_len': '128', 'accuracy': '8', 'approach_rate': '5', 'beatmap_bpm': '276', 'passcount': '36', 'playcount': '131', 'max_combo': '2473'}, {'difficulty_rating': '9.17', 'id': '3855004', 'map_len': '128', 'accuracy': '9', 'approach_rate': '5', 'beatmap_bpm': '276', 'passcount': '59', 'playcount': '223', 'max_combo': '4711'}, {'difficulty_rating': '6.61', 'id': '3855005', 'map_len': '128', 'accuracy': '8.4', 'approach_rate': '5', 'beatmap_bpm': '276', 'passcount': '36', 'playcount': '136', 'max_combo': '3201'}, {'difficulty_rating': '5.98', 'id': '3855006', 'map_len': '128', 'accuracy': '8.2', 'approach_rate': '5', 'beatmap_bpm': '276', 'passcount': '37', 'playcount': '136', 'max_combo': '2853'}, {'difficulty_rating': '8.14', 'id': '3855007', 'map_len': '128', 'accuracy': '8.8', 'approach_rate': '5', 'beatmap_bpm': '276', 'passcount': '17', 'playcount': '82', 'max_combo': '4225'}, {'difficulty_rating': '3.23', 'id': '3855008', 'map_len': '128', 'accuracy': '7.5', 'approach_rate': '5', 'beatmap_bpm': '276', 'passcount': '86', 'playcount': '340', 'max_combo': '1410'}, {'difficulty_rating': '3.96', 'id': '3855009', 'map_len': '128', 'accuracy': '7.5', 'approach_rate': '5', 'beatmap_bpm': '276', 'passcount': '93', 'playcount': '355', 'max_combo': '1804'}, {'difficulty_rating': '4.71', 'id': '3855010', 'map_len': '128', 'accuracy': '8', 'approach_rate': '5', 'beatmap_bpm': '276', 'passcount': '51', 'playcount': '184', 'max_combo': '2128'}, {'difficulty_rating': '2.05', 'id': '3855011', 'map_len': '128', 'accuracy': '7', 'approach_rate': '5', 'beatmap_bpm': '276', 'passcount': '107', 'playcount': '339', 'max_combo': '713'}, {'difficulty_rating': '7.29', 'id': '3855012', 'map_len': '128', 'accuracy': '8.6', 'approach_rate': '5', 'beatmap_bpm': '276', 'passcount': '19', 'playcount': '116', 'max_combo': '3662'}]"
1900508,"""Kissing Lucifer""","""AelSan""","""ETIA.""",16,2532,170,"""ranked""","['video', 'game', 'instrumental', 'electronic', 'future', 'riddim', 'color', 'bass', 'colorbass', '\\\\u7dad\\\\u5854', 'vita', '\\\\u30f4\\\\u30a3\\\\u30fc\\\\u30bf', 'lowiro', 'limited', 'tech', 'technical', '[crz]hinako1804', 'icecake', 'baigu678']","[{'difficulty_rating': '4.38', 'id': '3917504', 'map_len': '137', 'accuracy': '7.3', 'approach_rate': '3', 'beatmap_bpm': '170', 'passcount': '205', 'playcount': '534', 'max_combo': '1909'}, {'difficulty_rating': '5.45', 'id': '3917505', 'map_len': '137', 'accuracy': '7.5', 'approach_rate': '3', 'beatmap_bpm': '170', 'passcount': '268', 'playcount': '736', 'max_combo': '2022'}, {'difficulty_rating': '2.26', 'id': '3925975', 'map_len': '137', 'accuracy': '6.8', 'approach_rate': '3', 'beatmap_bpm': '170', 'passcount': '208', 'playcount': '528', 'max_combo': '1170'}, {'difficulty_rating': '3.16', 'id': '3945908', 'map_len': '137', 'accuracy': '7.1', 'approach_rate': '3', 'beatmap_bpm': '170', 'passcount': '320', 'playcount': '734', 'max_combo': '1655'}]"
1898571,"""Deep down (TV Size)""","""Akasha-""","""Aimer""",29,2085,79,"""ranked""","['chainsaw', 'man', 'jpop', 'j-pop', 'pop', 'japanese', 'ending', 'ed', '9', 'nine', 'aimerrhythm', '\\\\u6c38\\\\u6fa4\\\\u548c\\\\u771f', 'kazuma', 'nagasawa', '\\\\u7389\\\\u4e95\\\\u5065\\\\u4e8c', 'tamai', 'kenji', '\\\\u767e\\\\u7530\\\\u7559\\\\u8863', 'momota', 'rui', 'sacra', 'music', 'kuo', 'kyoka']","[{'difficulty_rating': '3.83', 'id': '3913076', 'map_len': '87', 'accuracy': '7.4', 'approach_rate': '5', 'beatmap_bpm': '79', 'passcount': '155', 'playcount': '437', 'max_combo': '1810'}, {'difficulty_rating': '1.21', 'id': '3942723', 'map_len': '84', 'accuracy': '6.5', 'approach_rate': '5', 'beatmap_bpm': '79', 'passcount': '257', 'playcount': '568', 'max_combo': '665'}, {'difficulty_rating': '2.71', 'id': '3942724', 'map_len': '87', 'accuracy': '7.1', 'approach_rate': '5', 'beatmap_bpm': '79', 'passcount': '181', 'playcount': '466', 'max_combo': '1377'}, {'difficulty_rating': '1.87', 'id': '3942725', 'map_len': '84', 'accuracy': '6.8', 'approach_rate': '5', 'beatmap_bpm': '79', 'passcount': '227', 'playcount': '614', 'max_combo': '701'}]"
1860175,"""Kawaikute Gomen""","""aundy""","""HoneyWorks feat. Capi""",218,20335,160,"""ranked""","['toofu', 'sayumana', 'kumocha', 'shirokumocha', 'japanese', 'pop', 'jpop', 'j-pop', 'confession', 'executive', 'committee', 'kokuhaku', 'jikkou', 'iinkai', 'koishiteru', '\\\\u544a\\\\u767d\\\\u5b9f\\\\u884c\\\\u59d4\\\\u54e1\\\\u4f1a', '-flying', 'songs-', '\\\\u604b\\\\u3057\\\\u3066\\\\u308b', 'track', '7', 'shito', '\\\\u4f7f\\\\u5f92', 'nakamura', 'chizuru', '\\\\u4e2d\\\\u6751\\\\u5343\\\\u9db4', 'chuu-tan', 'chutan', 'chuutan']","[{'difficulty_rating': '3.44', 'id': '3890967', 'map_len': '214', 'accuracy': '6', 'approach_rate': '8', 'beatmap_bpm': '160', 'passcount': '991', 'playcount': '4132', 'max_combo': '1051'}, {'difficulty_rating': '4.34', 'id': '3932887', 'map_len': '214', 'accuracy': '7.5', 'approach_rate': '8.8', 'beatmap_bpm': '160', 'passcount': '1404', 'playcount': '5581', 'max_combo': '1064'}, {'difficulty_rating': '2.14', 'id': '3966699', 'map_len': '214', 'accuracy': '4', 'approach_rate': '5', 'beatmap_bpm': '160', 'passcount': '1092', 'playcount': '3493', 'max_combo': '679'}, {'difficulty_rating': '4.89', 'id': '3977348', 'map_len': '214', 'accuracy': '8', 'approach_rate': '9', 'beatmap_bpm': '160', 'passcount': '1628', 'playcount': '7129', 'max_combo': '1117'}]"
1889017,"""DESPERATE DEATHPARADE""","""KyeX""","""69 de 74""",24,1319,225,"""ranked""","['electronic', 'instrumental', 'featured', 'artist', 'fa', 'breakcore', 'speedcore', 'amen', 'break', 'classical', 'renaissance', 'bms', 'of', 'fighters', 'ultimate', ""mappers\\'"", 'mappers', 'guild', 'mpg', 'mg']","[{'difficulty_rating': '7.25', 'id': '3890447', 'map_len': '123', 'accuracy': '7', 'approach_rate': '10', 'beatmap_bpm': '225', 'passcount': '64', 'playcount': '239', 'max_combo': '1139'}, {'difficulty_rating': '2.72', 'id': '3949209', 'map_len': '123', 'accuracy': '4', 'approach_rate': '10', 'beatmap_bpm': '225', 'passcount': '41', 'playcount': '179', 'max_combo': '414'}, {'difficulty_rating': '5.89', 'id': '3949210', 'map_len': '123', 'accuracy': '6.5', 'approach_rate': '10', 'beatmap_bpm': '225', 'passcount': '57', 'playcount': '286', 'max_combo': '975'}, {'difficulty_rating': '1.75', 'id': '3949211', 'map_len': '123', 'accuracy': '3', 'approach_rate': '10', 'beatmap_bpm': '225', 'passcount': '78', 'playcount': '193', 'max_combo': '226'}, {'difficulty_rating': '4.16', 'id': '3949212', 'map_len': '123', 'accuracy': '5', 'approach_rate': '10', 'beatmap_bpm': '225', 'passcount': '65', 'playcount': '227', 'max_combo': '618'}, {'difficulty_rating': '4.9', 'id': '3949213', 'map_len': '123', 'accuracy': '6', 'approach_rate': '10', 'beatmap_bpm': '225', 'passcount': '42', 'playcount': '195', 'max_combo': '836'}]"
1900602,"""Nani ga Warui (TV Size)""","""MTNTWarz""","""kessoku band""",27,1319,122,"""ranked""","['taikoseania', 'bocchi', 'the', 'rock!', '\\\\u4f0a\\\\u5730\\\\u77e5\\\\u8679\\\\u590f', 'ijichi', 'nijika', '\\\\u9234\\\\u4ee3\\\\u7d17\\\\u5f13', 'suzushiro', 'sayumi', '\\\\u5317\\\\u6fa4\\\\u3086\\\\u3046\\\\u307b', 'yuuho', 'kitazawa', '\\\\u4e09\\\\u4e95\\\\u5f8b\\\\u90ce', 'ritsuro', 'mitsui', 'what', 'is', ""what\\'s"", 'wrong', 'with', 'ending', 'song', 'ed', '3', 'anime', 'japanese', 'j', 'pop', 'j-pop', 'jpop', 'j-rock', 'jrock', 'rock']","[{'difficulty_rating': '3.87', 'id': '3917714', 'map_len': '87', 'accuracy': '6', 'approach_rate': '5', 'beatmap_bpm': '122', 'passcount': '94', 'playcount': '378', 'max_combo': '475'}, {'difficulty_rating': '1.21', 'id': '3940583', 'map_len': '87', 'accuracy': '3', 'approach_rate': '5', 'beatmap_bpm': '122', 'passcount': '87', 'playcount': '210', 'max_combo': '122'}, {'difficulty_rating': '1.88', 'id': '3946739', 'map_len': '87', 'accuracy': '4', 'approach_rate': '5', 'beatmap_bpm': '122', 'passcount': '80', 'playcount': '294', 'max_combo': '213'}, {'difficulty_rating': '2.78', 'id': '3946740', 'map_len': '87', 'accuracy': '5', 'approach_rate': '5', 'beatmap_bpm': '122', 'passcount': '65', 'playcount': '251', 'max_combo': '311'}, {'difficulty_rating': '3.16', 'id': '3946741', 'map_len': '87', 'accuracy': '5.5', 'approach_rate': '5', 'beatmap_bpm': '122', 'passcount': '42', 'playcount': '186', 'max_combo': '379'}]"
1906935,"""Harumodoki""","""lapp""","""yanaginagi""",56,8813,174,"""ranked""","['wanpachi', 'cycopoton', 'j-rock', 'jrock', 'rock', 'japanese', 'jp', 'anime', 'animation', 'yahari', 'ore', 'no', 'seishun', 'rabu', 'kome', 'wa', 'machigatteiru.', 'zoku', 'my', 'teen', 'love', 'youth', 'romantic', 'comedy', 'is', 'wrong', 'as', 'i', 'expected', 'snafu', 'too!', 'too', 'oregairu', 'season', '2', 's2', 'pseudospring', 'pseudo-spring', 'pseudo', 'spring', 'feel', 'sentai', 'filmworks', 'full', 'ver', 'version']","[{'difficulty_rating': '6.03', 'id': '3932366', 'map_len': '257', 'accuracy': '9', 'approach_rate': '9.2', 'beatmap_bpm': '174', 'passcount': '487', 'playcount': '6652', 'max_combo': '1585'}, {'difficulty_rating': '4.9', 'id': '3935233', 'map_len': '260', 'accuracy': '8', 'approach_rate': '8.8', 'beatmap_bpm': '174', 'passcount': '370', 'playcount': '2161', 'max_combo': '1365'}]"
1850047,"""Chikatto Chika Chika (TV Size)""","""keksikosu""","""Fujiwara Chika (CV: Kohara Konomi)""",72,4189,178,"""ranked""","['japanese', 'anime', 'pop', 'jpop', 'j-pop', '\\\\u304b\\\\u3050\\\\u3084\\\\u69d8\\\\u306f\\\\u544a\\\\u3089\\\\u305b\\\\u305f\\\\u3044', '\\\\uff5e\\\\u5929\\\\u624d\\\\u305f\\\\u3061\\\\u306e\\\\u604b\\\\u611b\\\\u982d\\\\u8133\\\\u6226\\\\uff5e', 'wa', 'kokurasetai', 'tensai-tachi', 'no', 'renai', 'zunousen', 'wants', 'to', 'be', 'confessed', 'to', 'the', ""geniuses\\'"", 'war', 'of', 'love', 'and', 'brains', 'uimii', 'mirsaaa', 'ed', 'ending', 'female', 'vocal']","[{'difficulty_rating': '3.51', 'id': '3800322', 'map_len': '95', 'accuracy': '8', 'approach_rate': '5', 'beatmap_bpm': '178', 'passcount': '721', 'playcount': '1531', 'max_combo': '1287'}, {'difficulty_rating': '1.53', 'id': '3800323', 'map_len': '95', 'accuracy': '6.5', 'approach_rate': '5', 'beatmap_bpm': '178', 'passcount': '355', 'playcount': '966', 'max_combo': '518'}, {'difficulty_rating': '2.61', 'id': '3800324', 'map_len': '95', 'accuracy': '7.5', 'approach_rate': '5', 'beatmap_bpm': '178', 'passcount': '390', 'playcount': '887', 'max_combo': '1090'}, {'difficulty_rating': '2.14', 'id': '3800325', 'map_len': '95', 'accuracy': '7', 'approach_rate': '5', 'beatmap_bpm': '178', 'passcount': '355', 'playcount': '805', 'max_combo': '821'}]"
1834864,"""Oak""","""New Zealand""","""Aether Realm""",11,432,210,"""ranked""","['melodic', 'symphonic', 'folk', 'death', 'metal', 'deathmetal', 'fa', 'featured', 'artist', 'english', 'marathon', 'stamina', 'streams', 'one', 'chosen', 'by', 'the', 'gods', 'viking', 'arley_']","[{'difficulty_rating': '7.15', 'id': '3766975', 'map_len': '341', 'accuracy': '7.2', 'approach_rate': '5', 'beatmap_bpm': '210', 'passcount': '37', 'playcount': '432', 'max_combo': '2958'}]"
1908253,"""Pride Kakumei (TV Size)""","""Smoke""","""CHiCO with HoneyWorks""",32,16198,185,"""ranked""","['gintama\\\\u309c', 'gintama', 'anime', 'japanese', 'female', 'vocals', 'vocalist', 'rock', 'j-rock', 'jrock', 'pop', 'opening', 'op', '15', 'akitoshi', 'alevi', 'corinn', '-laura-', 'shinpachi', 'kagura', 'sakata', 'gintoki']","[{'difficulty_rating': '5.94', 'id': '3935202', 'map_len': '91', 'accuracy': '9', 'approach_rate': '9.3', 'beatmap_bpm': '185', 'passcount': '728', 'playcount': '4006', 'max_combo': '543'}, {'difficulty_rating': '2.49', 'id': '3935300', 'map_len': '91', 'accuracy': '4.5', 'approach_rate': '5.5', 'beatmap_bpm': '185', 'passcount': '418', 'playcount': '1162', 'max_combo': '348'}, {'difficulty_rating': '3.77', 'id': '3935353', 'map_len': '91', 'accuracy': '6.5', 'approach_rate': '8', 'beatmap_bpm': '185', 'passcount': '588', 'playcount': '2188', 'max_combo': '471'}, {'difficulty_rating': '4.99', 'id': '3935460', 'map_len': '91', 'accuracy': '8.4', 'approach_rate': '9', 'beatmap_bpm': '185', 'passcount': '684', 'playcount': '2413', 'max_combo': '530'}, {'difficulty_rating': '5.56', 'id': '3936197', 'map_len': '91', 'accuracy': '8.8', 'approach_rate': '9.2', 'beatmap_bpm': '185', 'passcount': '632', 'playcount': '2908', 'max_combo': '541'}, {'difficulty_rating': '4.42', 'id': '3936816', 'map_len': '91', 'accuracy': '8', 'approach_rate': '8.8', 'beatmap_bpm': '185', 'passcount': '673', 'playcount': '2476', 'max_combo': '501'}, {'difficulty_rating': '2.25', 'id': '3980903', 'map_len': '91', 'accuracy': '3.5', 'approach_rate': '4.5', 'beatmap_bpm': '185', 'passcount': '492', 'playcount': '1045', 'max_combo': '274'}]"
1749282,"""A Man In The Mirror""","""AutotelicBrown""","""orangentle""",39,6346,180,"""ranked""","['haelequin', 'yu_asahina', '\\\\u30a2\\\\u30b5\\\\u30d2\\\\u30ca\\\\u30e6\\\\u30a6', 'o.n.g.e.k.i.', 'ongeki', 'sound', 'collection', '03', '\\\\u300esplash', 'dance!!\\\\u300f', '\\\\u67cf\\\\u6728\\\\u54b2\\\\u59eb', 'saki', 'kashiwagi', '\\\\u30bb\\\\u30ac', 'sega', 'kadokawa', 'zmcz-13953', 'dissociative', 'identity', 'disorder', 'electronic', 'arcade', 'video', 'game', 'instrumental', 'featured', 'artist', 'fa', 'toy', 'piano', 'baby', 'alice']","[{'difficulty_rating': '1.51', 'id': '3578442', 'map_len': '119', 'accuracy': '7', 'approach_rate': '5', 'beatmap_bpm': '180', 'passcount': '200', 'playcount': '456', 'max_combo': '432'}, {'difficulty_rating': '2.09', 'id': '3578443', 'map_len': '119', 'accuracy': '7.5', 'approach_rate': '5', 'beatmap_bpm': '180', 'passcount': '405', 'playcount': '738', 'max_combo': '754'}, {'difficulty_rating': '2.71', 'id': '3578444', 'map_len': '119', 'accuracy': '7.7', 'approach_rate': '5', 'beatmap_bpm': '180', 'passcount': '452', 'playcount': '1144', 'max_combo': '1020'}, {'difficulty_rating': '4.42', 'id': '3578445', 'map_len': '120', 'accuracy': '8.5', 'approach_rate': '5', 'beatmap_bpm': '180', 'passcount': '491', 'playcount': '1738', 'max_combo': '1646'}, {'difficulty_rating': '3.82', 'id': '3578446', 'map_len': '120', 'accuracy': '8.5', 'approach_rate': '5', 'beatmap_bpm': '180', 'passcount': '315', 'playcount': '1000', 'max_combo': '1482'}, {'difficulty_rating': '3.32', 'id': '3578447', 'map_len': '119', 'accuracy': '8', 'approach_rate': '5', 'beatmap_bpm': '180', 'passcount': '422', 'playcount': '1270', 'max_combo': '1265'}]"
1885417,"""No buts!""","""Akitoshi""","""Kawada Mami""",66,14884,183,"""ranked""","['corinn', '-laura-', 'to', 'aru', 'majutsu', 'no', 'index', 'ii', '2', 'anime', 'opening', 'op', '1', 'railgun', 'pop', 'jpop', 'j-pop', 'japanese']","[{'difficulty_rating': '6.12', 'id': '3882087', 'map_len': '212', 'accuracy': '9', 'approach_rate': '9.3', 'beatmap_bpm': '183', 'passcount': '848', 'playcount': '5140', 'max_combo': '1442'}, {'difficulty_rating': '1.82', 'id': '3882166', 'map_len': '212', 'accuracy': '3', 'approach_rate': '4', 'beatmap_bpm': '183', 'passcount': '323', 'playcount': '823', 'max_combo': '607'}, {'difficulty_rating': '0.99', 'id': '3883111', 'map_len': '212', 'accuracy': '1', 'approach_rate': '2', 'beatmap_bpm': '183', 'passcount': '385', 'playcount': '992', 'max_combo': '249'}, {'difficulty_rating': '2.43', 'id': '3883626', 'map_len': '212', 'accuracy': '4', 'approach_rate': '5.5', 'beatmap_bpm': '183', 'passcount': '355', 'playcount': '942', 'max_combo': '766'}, {'difficulty_rating': '3.68', 'id': '3899795', 'map_len': '212', 'accuracy': '6', 'approach_rate': '7.8', 'beatmap_bpm': '183', 'passcount': '528', 'playcount': '1630', 'max_combo': '1038'}, {'difficulty_rating': '5.51', 'id': '3904762', 'map_len': '212', 'accuracy': '8.5', 'approach_rate': '9.2', 'beatmap_bpm': '183', 'passcount': '564', 'playcount': '3034', 'max_combo': '1427'}, {'difficulty_rating': '4.56', 'id': '3905815', 'map_len': '212', 'accuracy': '7.8', 'approach_rate': '9', 'beatmap_bpm': '183', 'passcount': '514', 'playcount': '2323', 'max_combo': '1323'}]"
1826110,"""LUM no Love Song (YUC\'e Remix & Vocal cover)""","""Aranel""","""Matsutani Yuko""",24,2184,145,"""ranked""","['rumiko', 'takahashi', '\\\\u9ad8\\\\u6a4b', '\\\\u7559\\\\u7f8e\\\\u5b50', 'ataru', 'moroboshi', '\\\\u8af8\\\\u661f\\\\u3042\\\\u305f\\\\u308b', 'shinobu', 'miyake', '\\\\u4e09\\\\u5b85\\\\u3057\\\\u306e\\\\u3076', 'lum', 'invader', 'dnb', 'drumstep', 'drum', '&', 'and', 'bass', 'megafan', 'lecandy', 'electronic', 'japanese', 'urusei', 'yatsura', 'opening', 'op', 'full', '\\\\u9ad8\\\\u6a4b', '\\\\u7559\\\\u7f8e\\\\u5b50']","[{'difficulty_rating': '5.79', 'id': '3747619', 'map_len': '248', 'accuracy': '9', 'approach_rate': '9.3', 'beatmap_bpm': '145', 'passcount': '211', 'playcount': '1279', 'max_combo': '1811'}, {'difficulty_rating': '4.59', 'id': '3851259', 'map_len': '248', 'accuracy': '8', 'approach_rate': '8.8', 'beatmap_bpm': '145', 'passcount': '160', 'playcount': '905', 'max_combo': '1475'}]"
1798162,"""Dusk (Radio Edit)""","""Maxim-Miau""","""Tobu & Syndec""",50,4894,128,"""ranked""","['instrumental', 'electronic', 'progressive', 'house', '7obu', '7\\\\u00f3bu', 'toms', 'burkovskis', 'chordjack', 'jack', 'nocopyrightsounds', 'no', 'copyright', 'sounds', 'ncs', 'release', 'famoss']","[{'difficulty_rating': '6.26', 'id': '3686104', 'map_len': '217', 'accuracy': '9', 'approach_rate': '5', 'beatmap_bpm': '128', 'passcount': '355', 'playcount': '2089', 'max_combo': '3624'}, {'difficulty_rating': '4.9', 'id': '3686435', 'map_len': '217', 'accuracy': '8.5', 'approach_rate': '5', 'beatmap_bpm': '128', 'passcount': '145', 'playcount': '669', 'max_combo': '3053'}, {'difficulty_rating': '4.06', 'id': '3688251', 'map_len': '217', 'accuracy': '8', 'approach_rate': '5', 'beatmap_bpm': '128', 'passcount': '226', 'playcount': '683', 'max_combo': '2525'}, {'difficulty_rating': '3.32', 'id': '3689839', 'map_len': '217', 'accuracy': '7.5', 'approach_rate': '5', 'beatmap_bpm': '128', 'passcount': '256', 'playcount': '737', 'max_combo': '1996'}, {'difficulty_rating': '2.31', 'id': '3691301', 'map_len': '217', 'accuracy': '7', 'approach_rate': '5', 'beatmap_bpm': '128', 'passcount': '282', 'playcount': '716', 'max_combo': '1391'}]"
1923942,"""happy palette""","""Muse Dash""","""Aitsuki Nakuru""",24,848,170,"""ranked""","['ml-ysg', 'madosoft', '\\\\u307e\\\\u3069\\\\u305d\\\\u3075\\\\u3068', '\\\\u5e38\\\\u78d0\\\\u83ef\\\\u4e43', 'tokiwa', 'kano', 'hamidashi', 'creative', 'totsu', '\\\\u795d\\\\u308a\\\\u3093\\\\u3054', 'iwai', 'ringo', '\\\\u5c71\\\\u53e3\\\\u305f\\\\u3053', 'yamaguchi', 'tako', 'eroge', 'galgame', 'visual', 'novel', 'ed', 'ending', 'video', 'game', 'japanese', 'pop', 'jpop', 'j-pop']","[{'difficulty_rating': '4.43', 'id': '3971763', 'map_len': '207', 'accuracy': '7.3', 'approach_rate': '5', 'beatmap_bpm': '170', 'passcount': '288', 'playcount': '848', 'max_combo': '3845'}]"
1892271,"""Undefeatable (feat. Kellin Quinn)""","""Voli""","""Tomoya Ohtani""",110,22182,200,"""ranked""","['synitri', 'infinite', 'giganto', 'boss', 'shadow', 'silver', 'super', 'hedgehog', 'senjougahara', 'h', 'byd', 'bite', 'you', 'death', 'renumi', 'zerephiehell', 'nintendo', 'switch', 'dangerkids', 'tyler', 'smyth', 'julian', 'comeau', 'sleeping', 'with', 'sirens', 'fly', 'south', 'music', 'group', 'jun', 'senoue', '\\\\u30bd\\\\u30cb\\\\u30c3\\\\u30af\\\\u30d5\\\\u30ed\\\\u30f3\\\\u30c6\\\\u30a3\\\\u30a2', 'english', 'video', 'game', 'rock', 'metal', 'sega']","[{'difficulty_rating': '6.72', 'id': '3898949', 'map_len': '121', 'accuracy': '9', 'approach_rate': '9.6', 'beatmap_bpm': '200', 'passcount': '439', 'playcount': '4573', 'max_combo': '984'}, {'difficulty_rating': '6.39', 'id': '3898950', 'map_len': '121', 'accuracy': '9', 'approach_rate': '9.3', 'beatmap_bpm': '200', 'passcount': '325', 'playcount': '3817', 'max_combo': '892'}, {'difficulty_rating': '4.2', 'id': '3900704', 'map_len': '121', 'accuracy': '8', 'approach_rate': '8.8', 'beatmap_bpm': '200', 'passcount': '699', 'playcount': '3358', 'max_combo': '780'}, {'difficulty_rating': '2.85', 'id': '3903005', 'map_len': '121', 'accuracy': '4', 'approach_rate': '6', 'beatmap_bpm': '200', 'passcount': '720', 'playcount': '3070', 'max_combo': '517'}, {'difficulty_rating': '5.37', 'id': '3923487', 'map_len': '121', 'accuracy': '8', 'approach_rate': '9.2', 'beatmap_bpm': '200', 'passcount': '664', 'playcount': '4330', 'max_combo': '882'}, {'difficulty_rating': '3.44', 'id': '3927849', 'map_len': '121', 'accuracy': '6', 'approach_rate': '8', 'beatmap_bpm': '200', 'passcount': '440', 'playcount': '3034', 'max_combo': '692'}]"
1902848,"""Cinnamon Girl""","""Superstore""","""Lana Del Rey""",63,3322,72,"""ranked""","['psychedelic', 'trip', 'hop', 'triphop', 'pop', 'nfr', 'norman', 'f***king', 'fucking', 'rockwell', 'english']","[{'difficulty_rating': '3.31', 'id': '3923062', 'map_len': '264', 'accuracy': '8', 'approach_rate': '7.5', 'beatmap_bpm': '69', 'passcount': '466', 'playcount': '3322', 'max_combo': '813'}]"
1899965,"""Shall we Dance?""","""Antipole""","""ReoNa""",40,1396,80,"""ranked""","['symmatrix-', 'doctortetravoid', 'shadows', 'house', '2nd', 'season', 'anime', 'opening', 'op', 'long', 'full', 'version', '\\\\u6bdb\\\\u87f9', 'kegani', '\\\\u6d6a\\\\u5ddd\\\\u5b97\\\\u592a\\\\u6717', 'namikawa', 'soutarou', 'live', 'lab.', '\\\\u5c0f\\\\u677e\\\\u4e00\\\\u4e5f', 'komatsu', 'kazuya', 'koma2', '\\\\u5098\\\\u6751\\\\u30c8\\\\u30fc\\\\u30bf', 'kasamura', 'tota', '\\\\u8107\\\\u5c71\\\\u5e83\\\\u4ecb', 'kousuke', 'yakiwama', '\\\\u5fb3\\\\u6c38\\\\u6df3', 'tokunaga', 'atsushi', '\\\\u5177\\\\u7406\\\\u7136', 'gu', 'iyon', '\\\\u526f\\\\u7530\\\\u6574\\\\u6b69', 'soeda', 'naomu', '\\\\u77f3\\\\u5ddd\\\\u667a\\\\u4e45', 'ishikawa', 'tomohisa', '\\\\u30b3\\\\u30fc\\\\u30b7\\\\u30fc\\\\u30ba', '\\\\u30de\\\\u30b9', '\\\\u30af\\\\u30ef\\\\u30a4\\\\u30e4', 'cosiis', 'mass', 'choir', '\\\\u6c34\\\\u91ce\\\\u5e79\\\\u5b50', 'mizuno', 'motoko', '\\\\u540d\\\\u53d6\\\\u53cb\\\\u7f8e', 'natori', 'tomomi', '\\\\u6e6f\\\\u6d45\\\\u8981', 'yuasa', 'kaname', 'tango', 'jpop', 'j-pop', 'japanese', 'jazz', 'pop', 'dark', 'cabaret', 'chamber', 'pop', 'swing', 'sacra', 'music', 'vvcl-2072', '\\\\u30a8\\\\u30df\\\\u30ea\\\\u30b3', 'emilico', '\\\\u30b1\\\\u30a4\\\\u30c8', 'kate', 'long', 'notes', 'lns', 'releases', 'marathon', 'technical']","[{'difficulty_rating': '4.16', 'id': '3916282', 'map_len': '263', 'accuracy': '6.7', 'approach_rate': '5', 'beatmap_bpm': '117', 'passcount': '266', 'playcount': '1396', 'max_combo': '4515'}]"
1723410,"""They\'re again&again""","""katacheh""","""t+pazolite & Nanahira""",76,1767,333,"""loved""","[""screamin\\'"", 'showcase', 'svs', 'slider', 'velocity', 'showdown']","[{'difficulty_rating': '5.2', 'id': '3522149', 'map_len': '186', 'accuracy': '5', 'approach_rate': '5', 'beatmap_bpm': '145', 'passcount': '298', 'playcount': '1126', 'max_combo': '1259'}, {'difficulty_rating': '5.62', 'id': '3531347', 'map_len': '186', 'accuracy': '6', 'approach_rate': '5', 'beatmap_bpm': '145', 'passcount': '49', 'playcount': '579', 'max_combo': '1384'}]"
1912643,"""Chaotic Prayers""","""Hana Hayashi""","""Null Specification""",12,387,200,"""ranked""","['electronic', 'japanese', 'psycore', 'jcore', 'sakuramoyu', 'sakura', 'moyu', 'rinne', 'yamamoto', 'mineko', '\\\\u5c71\\\\u672c\\\\u7f8e\\\\u79b0\\\\u5b50', 'sasaki', 'sayaka', '\\\\u4f50\\\\u54b2\\\\u7d17\\\\u82b1', 'j-core', 'hardcore', 'bootleg', 'remix', 'mashup', 'eroge', 'galgame', 'favorite']","[{'difficulty_rating': '6.77', 'id': '3945382', 'map_len': '345', 'accuracy': '6.5', 'approach_rate': '10', 'beatmap_bpm': '200', 'passcount': '29', 'playcount': '387', 'max_combo': '2756'}]"
1834058,"""Minimum""","""Reiszen""","""MIMI feat. wanko""",73,17869,202,"""ranked""","['japanese', 'pop', 'jpop', 'j-pop', '\\\\u308f\\\\u3093\\\\u5b50', 'wanko', 'wanko_sing', '\\\\u7c9f\\\\u5c4b\\\\u3084\\\\u308f\\\\u5b50', 'awaya', 'yawako', 'awayawa_pic', '\\\\u306f\\\\u308b\\\\u304a', 'haluo_haluo', 'eringira', 'sinyus20', 'take']","[{'difficulty_rating': '5.26', 'id': '3765215', 'map_len': '138', 'accuracy': '8.6', 'approach_rate': '9.2', 'beatmap_bpm': '202', 'passcount': '1552', 'playcount': '6598', 'max_combo': '629'}, {'difficulty_rating': '2.52', 'id': '3771215', 'map_len': '138', 'accuracy': '4', 'approach_rate': '6', 'beatmap_bpm': '202', 'passcount': '771', 'playcount': '2062', 'max_combo': '461'}, {'difficulty_rating': '3.53', 'id': '3802901', 'map_len': '138', 'accuracy': '6.5', 'approach_rate': '8', 'beatmap_bpm': '202', 'passcount': '1139', 'playcount': '3700', 'max_combo': '636'}, {'difficulty_rating': '4.79', 'id': '3825397', 'map_len': '138', 'accuracy': '8.2', 'approach_rate': '9', 'beatmap_bpm': '202', 'passcount': '1495', 'playcount': '5509', 'max_combo': '602'}]"
1900494,"""Merkabah""","""Ghouru""","""Persefone""",45,2053,160,"""ranked""","['itswinter', 'metanoia', 'progressive', 'melodic', 'metal', 'english', 'silence', 'player']","[{'difficulty_rating': '7.01', 'id': '3917473', 'map_len': '352', 'accuracy': '9.5', 'approach_rate': '9.7', 'beatmap_bpm': '160', 'passcount': '188', 'playcount': '2053', 'max_combo': '2206'}]"
1923526,"""Detonate""","""DeviousPanda""","""G2",57,10031,93,"""ranked""","['rock', 'english', 'pbc', 'realazy', 'real', 'deca', 'iljaaz', 'esports']","[{'difficulty_rating': '3.49', 'id': '3970837', 'map_len': '160', 'accuracy': '7', 'approach_rate': '8', 'beatmap_bpm': '93', 'passcount': '764', 'playcount': '2683', 'max_combo': '749'}, {'difficulty_rating': '6.22', 'id': '3970838', 'map_len': '160', 'accuracy': '9', 'approach_rate': '9.3', 'beatmap_bpm': '93', 'passcount': '197', 'playcount': '1882', 'max_combo': '1182'}, {'difficulty_rating': '4.97', 'id': '3970839', 'map_len': '160', 'accuracy': '8', 'approach_rate': '9', 'beatmap_bpm': '93', 'passcount': '423', 'playcount': '2782', 'max_combo': '838'}, {'difficulty_rating': '2.54', 'id': '3970840', 'map_len': '160', 'accuracy': '5', 'approach_rate': '6.5', 'beatmap_bpm': '93', 'passcount': '460', 'playcount': '1504', 'max_combo': '560'}, {'difficulty_rating': '5.56', 'id': '3970841', 'map_len': '160', 'accuracy': '8.5', 'approach_rate': '9.2', 'beatmap_bpm': '93', 'passcount': '195', 'playcount': '1180', 'max_combo': '973'}]"
1873680,"""You spin my world""","""Kyouren""","""happy30""",50,5424,196,"""ranked""","['happythirsty', 'happythirty', 'jordi', 'van', 'der', 'hulst', 'as', 'the', 'wind', 'blows', 'ep', 'extended', 'play', 'gokugohan12468', 'kittyadventure', 'airincat', '-_ascended_-', '-ascended-', 'ascended', 'addy2607', 'kaedeharakazuha', 'kaedehara', 'kazuha', 'renumi', 'instrumental', 'piano', ""mappers\\'"", 'guild', 'mpg', 'fa', 'featured', 'artist', 'electronic', 'classical']","[{'difficulty_rating': '4.84', 'id': '3855504', 'map_len': '157', 'accuracy': '8', 'approach_rate': '9', 'beatmap_bpm': '196', 'passcount': '397', 'playcount': '1360', 'max_combo': '878'}, {'difficulty_rating': '6.16', 'id': '3855505', 'map_len': '157', 'accuracy': '8', 'approach_rate': '8', 'beatmap_bpm': '196', 'passcount': '105', 'playcount': '1585', 'max_combo': '1013'}, {'difficulty_rating': '2.08', 'id': '3855506', 'map_len': '157', 'accuracy': '2', 'approach_rate': '3', 'beatmap_bpm': '196', 'passcount': '284', 'playcount': '797', 'max_combo': '512'}, {'difficulty_rating': '2.49', 'id': '3855539', 'map_len': '157', 'accuracy': '5', 'approach_rate': '6', 'beatmap_bpm': '196', 'passcount': '201', 'playcount': '704', 'max_combo': '708'}, {'difficulty_rating': '3.58', 'id': '3855888', 'map_len': '157', 'accuracy': '6', 'approach_rate': '7.5', 'beatmap_bpm': '196', 'passcount': '307', 'playcount': '978', 'max_combo': '859'}]"
